Date,Open,High,Low,Close,Volume,Daily_Return,SMA_20,SMA_50,SMA_200,EMA_20,Rolling_Volatility_20,High_Low_Difference,Open_Close_Difference
2021-12-16,179.27999877929688,181.13999938964844,170.75,172.25999450683594,150185800.0,-3.9263850669816525,167.1365005493164,155.77800048828124,,167.78600202829867,2.17008927794659,10.389999389648438,7.0200042724609375
2022-01-28,165.7100067138672,170.35000610351562,162.8000030517578,170.3300018310547,179935700.0,6.977766942076213,170.00100021362306,169.58480041503907,,167.77076226888508,2.112458552901473,7.5500030517578125,-4.6199951171875
2022-04-26,162.25,162.33999633789062,156.72000122070312,156.8000030517578,95623200.0,-3.7328104425273567,169.49499969482423,166.5640005493164,,166.53178740681707,1.7650342547094229,5.6199951171875,5.4499969482421875
2022-04-28,159.25,164.52000427246094,158.92999267578125,163.63999938964844,130216800.0,4.515546870218534,167.66899948120118,166.13480072021486,,165.39799434591046,2.0318968789349716,5.5900115966796875,-4.3899993896484375
2022-04-29,161.83999633789062,166.1999969482422,157.25,157.64999389648438,131747600.0,-3.6604775821961866,166.8209991455078,165.83680053710938,,164.6600895412032,2.140130859822928,8.949996948242188,4.19000244140625
2022-05-04,159.6699981689453,166.47999572753906,159.25999450683594,166.02000427246094,108256500.0,4.10083315784322,164.60349960327147,165.49600036621095,,163.82090048260574,2.2847382342151663,7.220001220703125,-6.350006103515625
2022-05-05,163.85000610351562,164.0800018310547,154.9499969482422,156.77000427246094,130525300.0,-5.571617733980727,163.8504997253418,165.43000030517578,,163.14938655783004,2.558125111616592,9.1300048828125,7.0800018310546875
2022-05-11,153.5,155.4499969482422,145.80999755859375,146.5,142689800.0,-5.184127106082803,160.58599929809571,164.51880004882813,,159.54074382477629,2.821261381369091,9.639999389648438,7.0
2022-05-18,146.85000610351562,147.36000061035156,139.89999389648438,140.82000732421875,109742900.0,-5.641917621968318,155.0800003051758,162.7702001953125,,153.81819763212465,3.1571568139656576,7.4600067138671875,6.029998779296875
2022-05-23,137.7899932861328,143.25999450683594,137.64999389648438,143.11000061035156,117726300.0,4.011922682885327,151.42800064086913,161.60720031738282,,150.11613860073948,3.3181874925881427,5.6100006103515625,-5.32000732421875
2022-05-27,145.38999938964844,149.67999267578125,145.25999450683594,149.63999938964844,90978500.0,4.075671623385313,148.41000061035157,160.57480072021485,,148.08852988197998,3.1893788829125436,4.4199981689453125,-4.25
2022-06-03,146.89999389648438,147.97000122070312,144.4600067138672,145.3800048828125,88570300.0,-3.8555661478719028,146.10550079345703,159.08980072021484,,148.20100286022173,2.9116013767406255,3.5099945068359375,1.519989013671875
2022-06-09,147.0800018310547,147.9499969482422,142.52999877929688,142.63999938964844,69473000.0,-3.59557115626985,144.86050186157226,156.73180053710936,,147.54492412305498,2.7056403266408147,5.4199981689453125,4.44000244140625
2022-06-10,140.27999877929688,140.75999450683594,137.05999755859375,137.1300048828125,91437900.0,-3.8628677302390724,144.5890022277832,155.9190005493164,,146.5530270525557,2.7765763765749414,3.6999969482421875,3.149993896484375
2022-06-13,132.8699951171875,135.1999969482422,131.44000244140625,131.8800048828125,122207100.0,-3.8284837840460217,143.82750244140624,155.06440063476563,,145.155596369723,2.774685054363623,3.7599945068359375,0.989990234375
2022-06-16,132.0800018310547,132.38999938964844,129.0399932861328,130.05999755859375,108123900.0,-3.9651446559871295,141.96000137329102,152.47320037841797,159.03205032348632,141.91350864224367,2.611411145520846,3.350006103515625,2.0200042724609375
2022-08-03,160.83999633789062,166.58999633789062,160.75,166.1300048828125,82507500.0,3.8247675683253046,152.88249969482422,145.66160034179688,159.22940048217774,153.9500476506669,1.751847270955895,5.839996337890625,-5.290008544921875
2022-08-26,170.57000732421875,171.0500030517578,163.55999755859375,163.6199951171875,78961000.0,-3.769925135640162,168.0425003051758,154.44160003662108,160.86600036621093,166.26937463359366,1.6702306426702374,7.4900054931640625,6.95001220703125
2022-09-12,159.58999633789062,164.25999450683594,159.3000030517578,163.42999267578125,104956000.0,3.8507960517385253,163.97250061035157,158.62580017089843,161.04555038452148,160.86540901172492,1.6604698132959121,4.959991455078125,-3.839996337890625
2022-09-13,159.89999389648438,160.5399932861328,153.3699951171875,153.83999633789062,122656600.0,-5.86795372188239,163.00500030517577,158.92400024414061,161.0050503540039,160.19632209040736,2.0662497626741287,7.1699981689453125,6.05999755859375
2022-09-29,146.10000610351562,146.72000122070312,140.67999267578125,142.47999572753906,128138200.0,-4.911906560485157,153.74299850463868,160.07719970703124,160.04230018615723,153.70549188042062,2.2994376695142114,6.040008544921875,3.6200103759765625
2022-10-07,142.5399932861328,143.10000610351562,139.4499969482422,140.08999633789062,85925600.0,-3.671867294799025,149.8719970703125,158.68799926757814,159.1368000793457,148.97607649911646,2.613117205086705,3.6500091552734375,2.4499969482421875
2022-10-28,148.1999969482422,157.5,147.82000732421875,155.74000549316406,164762400.0,7.555250145606562,144.5970001220703,151.80019958496095,156.7427001953125,147.12219133394586,2.6943028659425905,9.67999267578125,-7.540008544921875
2022-11-02,148.9499969482422,152.1699981689453,145.0,145.02999877929688,93604600.0,-3.7304980716090452,145.3004997253418,150.65419921875,156.41250007629395,147.7116663177007,2.802699024628026,7.1699981689453125,3.9199981689453125
2022-11-03,142.05999755859375,142.8000030517578,138.75,138.8800048828125,97918500.0,-4.240497792352105,144.97300033569337,150.08119934082032,156.27575012207032,146.87055570485418,2.9564997143603784,4.0500030517578125,3.17999267578125
2022-11-10,141.24000549316406,146.8699951171875,139.5,146.8699951171875,118854000.0,8.89745713238388,144.8590003967285,147.82879913330078,155.7284001159668,144.15916196926446,3.483835041102693,7.3699951171875,-5.6299896240234375
2022-11-30,141.39999389648438,148.72000122070312,140.5500030517578,148.02999877929688,111380900.0,4.859389884061516,145.60299835205078,145.95859893798828,154.21404998779298,146.8354909156994,3.0527056607556475,8.169998168945312,-6.6300048828125
2022-12-15,141.11000061035156,141.8000030517578,136.02999877929688,136.5,98931900.0,-4.685431463789913,145.69400024414062,145.08239959716798,152.97754997253418,144.31380678906592,2.086593976317017,5.7700042724609375,4.6100006103515625
2023-01-03,130.27999877929688,130.89999389648438,124.16999816894533,125.06999969482422,112117500.0,-3.7404704494091168,136.21800003051757,142.70959930419923,151.43324996948243,134.80634574007362,1.9779113364750227,6.729995727539048,5.209999084472656
2023-01-06,126.01000213623048,130.2899932861328,124.88999938964844,129.6199951171875,87754700.0,3.6794101724815675,133.74399909973144,141.34839920043945,150.8473498916626,132.81065099733993,2.1907248312078353,5.399993896484375,-3.609992980957017
2023-02-02,148.89999389648438,151.17999267578125,148.1699981689453,150.82000732421875,118339000.0,3.706260688917107,138.0199993133545,138.76059951782227,147.8662497329712,140.4353338518259,1.4354398365640837,3.0099945068359375,-1.920013427734375
2023-05-05,170.97999572753906,174.3000030517578,170.75999450683594,173.57000732421875,113453200.0,4.692692172716728,166.02949981689454,159.74079986572266,151.37219951629638,166.22741369743343,1.6089024908202532,3.540008544921875,-2.5900115966796875
2023-08-04,185.5200042724609,187.3800048828125,181.9199981689453,181.9900054931641,115956800.0,-4.802004898105638,192.16500091552734,187.08680023193358,160.01339984893798,191.39226105580224,1.3624375498531154,5.4600067138671875,3.529998779296818
2023-09-06,188.3999938964844,188.8500061035156,181.47000122070312,182.91000366210932,81755800.0,-3.579332311737171,180.35,186.7220004272461,163.7756499862671,183.4252969650476,1.495307532188645,7.380004882812472,5.489990234375085
2024-01-02,187.1499938964844,188.44000244140625,183.88999938964844,185.63999938964844,82488700.0,-3.578662771169838,194.02850112915038,186.83740051269533,179.63685043334962,192.51785388816398,1.2075044182767953,4.5500030517578125,1.509994506835966
2024-03-21,177.0500030517578,177.49000549316406,170.83999633789062,171.3699951171875,106181300.0,-4.085746418856029,175.23899993896484,182.60679931640624,183.7445502471924,175.79157172937425,1.484577558300547,6.6500091552734375,5.6800079345703125
2024-04-11,168.33999633789062,175.4600067138672,168.16000366210938,175.0399932861328,91070300.0,4.327091762818491,171.54749908447266,177.23399963378907,182.82970016479493,171.6608194513994,1.6523427353159115,7.3000030517578125,-6.6999969482421875
2024-05-03,186.6499938964844,187.0,182.66000366210932,183.3800048828125,163224100.0,5.981625253732603,170.50449981689454,172.3883999633789,181.18715019226073,171.5362404617391,2.0821886756327976,4.339996337890682,3.2699890136719034
2024-06-11,193.6499938964844,207.16000366210932,193.6300048828125,207.1499938964844,172373300.0,7.264912559045644,192.3859977722168,180.7089993286133,181.93984992980958,191.97453750924217,1.8497139333205104,13.529998779296818,-13.5
2024-08-05,199.08999633789065,213.5,196.0,209.2700042724609,119548600.0,-4.816699858315232,223.7965003967285,212.9668002319336,189.68214996337892,219.648785660673,1.7544153052376732,17.5,-10.180007934570256
2024-09-19,224.9900054931641,229.82000732421875,224.6300048828125,228.8699951171875,66781300.0,3.7065533487195657,223.51500091552734,222.42520080566408,196.1541000366211,222.3213026255317,1.4484613660110193,5.19000244140625,-3.879989624023409
2025-01-16,237.3500061035156,238.009994506836,228.02999877929688,228.259994506836,71759100.0,-4.040022200201044,246.21449966430663,239.1371990966797,216.70994987487794,241.7148622576099,1.5698551994791066,9.97999572753912,9.090011596679602
2025-01-28,230.8500061035156,240.19000244140625,230.8099975585937,238.259994506836,75707600.0,3.6543956643956044,236.84999923706056,239.5357992553711,218.75104988098144,234.75877361713324,1.9398755956674345,9.380004882812557,-7.409988403320398
2025-03-10,235.5399932861328,236.16000366210932,224.22000122070312,227.47999572753903,72071200.0,-4.8479571847595775,239.46049957275392,238.21019958496095,227.26829986572267,237.6895223026936,1.7183443337173712,11.940002441406193,8.059997558593778
2025-04-03,205.5399932861328,207.4900054931641,201.25,203.19000244140625,103419000.0,-9.245610346452683,219.10000076293946,229.72600006103517,229.14744995117186,221.2251051963309,2.813879044661893,6.240005493164091,2.3499908447265625
2025-04-04,193.88999938964844,199.8800048828125,187.33999633789065,188.3800048828125,125910900.0,-7.288743235713335,216.56550064086915,229.0204000854492,229.0059999847412,218.09700040456724,3.118730668910503,12.540008544921847,5.5099945068359375
2025-04-07,177.1999969482422,194.1499938964844,174.6199951171875,181.4600067138672,160466300.0,-3.6734249865053914,214.26450119018554,228.19400024414062,228.84185005187987,214.60776291021483,3.0555819640877893,19.529998779296903,-4.260009765625
2025-04-08,186.6999969482422,190.33999633789065,169.2100067138672,172.4199981689453,120859500.0,-4.981818698583263,211.84350128173827,227.0452001953125,228.65555007934572,210.58988055390347,3.1542310219989123,21.129989624023466,14.279998779296875
2025-04-09,171.9499969482422,200.6100006103516,171.88999938964844,198.8500061035156,184395900.0,15.328852926139636,210.9370018005371,226.25700042724608,228.61235008239746,209.47179727291413,4.848775295012038,28.720001220703153,-26.90000915527341
2025-04-10,189.07000732421875,194.77999877929688,183.0,190.4199981689453,121880000.0,-4.239380274487825,209.9740020751953,225.27820037841798,228.52375007629394,207.65734021539328,4.881461482792778,11.779998779296875,-1.3499908447265625
2025-04-11,186.1000061035156,199.5399932861328,186.0599975585937,198.1499938964844,87435900.0,4.059445332354672,209.20700149536134,224.48940032958984,228.46915000915527,206.7518786612115,4.959485084349746,13.47999572753912,-12.049987792968807
2025-04-16,198.3600006103516,200.6999969482422,192.3699951171875,194.2700042724609,59732400.0,-3.8933388448355477,207.05700149536133,222.53180053710938,228.2739500427246,204.8358106147518,5.045890269071203,8.330001831054688,4.089996337890682
2025-05-02,206.08999633789065,206.9900054931641,202.16000366210932,205.3500061035156,101010600.0,-3.736171454649251,199.66300201416016,215.5896011352539,227.0886001586914,206.48688605704066,4.713760128913978,4.830001831054773,0.7399902343750568
2025-05-12,210.97000122070312,211.2700042724609,206.75,210.7899932861328,63775800.0,6.175386381009962,203.20200119018554,210.41500091552734,226.36650016784668,203.83987122746223,2.4012520126466184,4.520004272460909,0.1800079345703125
2025-08-06,205.6300048828125,215.3800048828125,205.58999633789065,213.25,108483100.0,5.090677076812433,210.2585006713867,205.69300048828126,221.19264999389648,208.79792360402595,1.4452496338828698,9.790008544921847,-7.6199951171875
2025-08-08,220.8300018310547,231.0,219.25,229.3500061035156,113854000.0,4.235789381413957,211.54900054931642,206.66800048828125,221.10380004882813,211.72310800683516,1.8268208214073405,11.75,-8.520004272460909
2025-09-03,237.2100067138672,238.8500061035156,234.3600006103516,238.47000122070312,66427800.0,3.8089848308826335,228.85649871826172,216.86139984130858,221.2655499267578,227.34247335787188,1.9024616931999097,4.490005493164006,-1.2599945068359375
2025-09-22,248.3000030517578,256.6400146484375,248.1199951171875,256.0799865722656,105517400.0,4.309566831880085,235.7870002746582,224.82739959716798,221.73595001220704,236.3594793900179,1.774416590650243,8.52001953125,-7.7799835205078125
2025-10-10,254.94000244140625,256.3800048828125,244.0,245.2700042724609,61999100.0,-3.4522080166306757,251.12849884033204,237.01879943847655,222.2548500061035,250.10260451536527,1.6237566330340283,12.3800048828125,9.669998168945341
2025-10-20,255.88999938964844,264.3800048828125,255.6300048828125,262.239990234375,90483000.0,3.943873008454002,253.80099868774414,241.72819885253907,222.13509994506836,250.8965349165772,1.4773988665820288,8.75,-6.3499908447265625
2026-01-20,252.72999572753903,254.7899932861328,243.4199981689453,246.6999969482422,80267500.0,-3.455563680678142,265.19899673461913,271.04099822998046,234.16929954528808,263.1245154172155,0.9592334445415049,11.3699951171875,6.029998779296847
2026-02-02,260.0299987792969,270.489990234375,259.2099914550781,270.010009765625,73913400.0,4.058115590203082,257.59949798583983,268.3465985107422,236.9912995147705,259.71366224018925,1.5897421443024355,11.279998779296875,-9.980010986328125
2026-02-12,275.5899963378906,275.7200012207031,260.17999267578125,261.7300109863281,81077200.0,-4.998181130189428,262.3949996948242,268.0833984375,239.8362494659424,266.8541405627981,2.000764496955155,15.540008544921875,13.8599853515625
2026-06-09,300.2799987792969,300.75,287.7799987792969,290.54998779296875,70108800.0,-3.6446310408311478,304.5580001831055,283.0453997802734,265.8989994049072,301.4107298096757,1.4704673003471287,12.970001220703125,9.730010986328125
2026-06-25,287.3999938964844,288.79998779296875,273.75,275.1499938964844,107013700.0,-6.117781321571137,299.7250015258789,291.15080017089844,269.2116993713379,295.4379981270089,1.9863020174683936,15.04998779296875,12.25
2026-07-02,294.1199951171875,309.4200134277344,293.67999267578125,308.6300048828125,75352800.0,4.84068203126522,294.80249938964846,293.5229998779297,270.69144927978516,294.41915751994054,2.4217438817482155,15.740020751953125,-14.510009765625
2026-07-15,317.6199951171875,328.7300109863281,317.32000732421875,327.5,60957600.0,4.01448746633335,301.92749938964846,300.52859985351563,273.4299994659424,306.78724374989065,2.301400625052571,11.410003662109375,-9.8800048828125
2026-07-31,304.8099975585937,310.69000244140625,300.0,308.9100036621094,132489100.0,-7.353864245054432,324.3669998168945,309.49940002441406,277.9604993438721,322.6429417615216,2.3146877331806928,10.69000244140625,-4.100006103515682
